task_name,model_resolve_rate,model_difficulty,human_difficulty,total_models_tested,models_that_resolve,resolving_models,non_resolving_models
adaptive-rejection-sampler,0.0,hard,medium,16,0,[],"['OpenAI/gpt-oss-20B', 'Qwen/Qwen3-Coder-480B-A35B-Instruct-FP8', 'claude-opus-4-1-20250805', 'claude-sonnet-4-20250514', 'deepseek-ai/DeepSeek-V3.1', 'gemini-2.5-flash', 'gemini-2.5-pro', 'gpt-5', 'gpt-5-mini', 'gpt-5-nano', 'grok-4-0709', 'grok-code-fast-1', 'meta-llama/Llama-4-Maverick-17B-128E-Instruct-FP8', 'moonshotai/Kimi-K2-Instruct-0905', 'openai/gpt-oss-120b', 'zai-org/GLM-4.5-Air-FP8']"
bn-fit-modify,0.25,hard,hard,16,4,"['claude-opus-4-1-20250805', 'claude-sonnet-4-20250514', 'gpt-5-mini', 'grok-4-0709']","['OpenAI/gpt-oss-20B', 'Qwen/Qwen3-Coder-480B-A35B-Instruct-FP8', 'deepseek-ai/DeepSeek-V3.1', 'gemini-2.5-flash', 'gemini-2.5-pro', 'gpt-5', 'gpt-5-nano', 'grok-code-fast-1', 'meta-llama/Llama-4-Maverick-17B-128E-Instruct-FP8', 'moonshotai/Kimi-K2-Instruct-0905', 'openai/gpt-oss-120b', 'zai-org/GLM-4.5-Air-FP8']"
break-filter-js-from-html,0.0,hard,medium,16,0,[],"['OpenAI/gpt-oss-20B', 'Qwen/Qwen3-Coder-480B-A35B-Instruct-FP8', 'claude-opus-4-1-20250805', 'claude-sonnet-4-20250514', 'deepseek-ai/DeepSeek-V3.1', 'gemini-2.5-flash', 'gemini-2.5-pro', 'gpt-5', 'gpt-5-mini', 'gpt-5-nano', 'grok-4-0709', 'grok-code-fast-1', 'meta-llama/Llama-4-Maverick-17B-128E-Instruct-FP8', 'moonshotai/Kimi-K2-Instruct-0905', 'openai/gpt-oss-120b', 'zai-org/GLM-4.5-Air-FP8']"
build-cython-ext,0.0,hard,medium,16,0,[],"['OpenAI/gpt-oss-20B', 'Qwen/Qwen3-Coder-480B-A35B-Instruct-FP8', 'claude-opus-4-1-20250805', 'claude-sonnet-4-20250514', 'deepseek-ai/DeepSeek-V3.1', 'gemini-2.5-flash', 'gemini-2.5-pro', 'gpt-5', 'gpt-5-mini', 'gpt-5-nano', 'grok-4-0709', 'grok-code-fast-1', 'meta-llama/Llama-4-Maverick-17B-128E-Instruct-FP8', 'moonshotai/Kimi-K2-Instruct-0905', 'openai/gpt-oss-120b', 'zai-org/GLM-4.5-Air-FP8']"
build-initramfs-qemu,0.0,hard,medium,16,0,[],"['OpenAI/gpt-oss-20B', 'Qwen/Qwen3-Coder-480B-A35B-Instruct-FP8', 'claude-opus-4-1-20250805', 'claude-sonnet-4-20250514', 'deepseek-ai/DeepSeek-V3.1', 'gemini-2.5-flash', 'gemini-2.5-pro', 'gpt-5', 'gpt-5-mini', 'gpt-5-nano', 'grok-4-0709', 'grok-code-fast-1', 'meta-llama/Llama-4-Maverick-17B-128E-Instruct-FP8', 'moonshotai/Kimi-K2-Instruct-0905', 'openai/gpt-oss-120b', 'zai-org/GLM-4.5-Air-FP8']"
build-pmars,0.5625,medium,medium,16,9,"['Qwen/Qwen3-Coder-480B-A35B-Instruct-FP8', 'claude-sonnet-4-20250514', 'deepseek-ai/DeepSeek-V3.1', 'gemini-2.5-flash', 'gemini-2.5-pro', 'gpt-5', 'grok-code-fast-1', 'moonshotai/Kimi-K2-Instruct-0905', 'zai-org/GLM-4.5-Air-FP8']","['OpenAI/gpt-oss-20B', 'claude-opus-4-1-20250805', 'gpt-5-mini', 'gpt-5-nano', 'grok-4-0709', 'meta-llama/Llama-4-Maverick-17B-128E-Instruct-FP8', 'openai/gpt-oss-120b']"
build-pov-ray,0.3125,hard,medium,16,5,"['claude-opus-4-1-20250805', 'claude-sonnet-4-20250514', 'gemini-2.5-pro', 'grok-4-0709', 'moonshotai/Kimi-K2-Instruct-0905']","['OpenAI/gpt-oss-20B', 'Qwen/Qwen3-Coder-480B-A35B-Instruct-FP8', 'deepseek-ai/DeepSeek-V3.1', 'gemini-2.5-flash', 'gpt-5', 'gpt-5-mini', 'gpt-5-nano', 'grok-code-fast-1', 'meta-llama/Llama-4-Maverick-17B-128E-Instruct-FP8', 'openai/gpt-oss-120b', 'zai-org/GLM-4.5-Air-FP8']"
cancel-async-tasks,0.375,medium,hard,16,6,"['Qwen/Qwen3-Coder-480B-A35B-Instruct-FP8', 'claude-sonnet-4-20250514', 'gpt-5', 'meta-llama/Llama-4-Maverick-17B-128E-Instruct-FP8', 'moonshotai/Kimi-K2-Instruct-0905', 'openai/gpt-oss-120b']","['OpenAI/gpt-oss-20B', 'claude-opus-4-1-20250805', 'deepseek-ai/DeepSeek-V3.1', 'gemini-2.5-flash', 'gemini-2.5-pro', 'gpt-5-mini', 'gpt-5-nano', 'grok-4-0709', 'grok-code-fast-1', 'zai-org/GLM-4.5-Air-FP8']"
chess-best-move,0.0,hard,medium,16,0,[],"['OpenAI/gpt-oss-20B', 'Qwen/Qwen3-Coder-480B-A35B-Instruct-FP8', 'claude-opus-4-1-20250805', 'claude-sonnet-4-20250514', 'deepseek-ai/DeepSeek-V3.1', 'gemini-2.5-flash', 'gemini-2.5-pro', 'gpt-5', 'gpt-5-mini', 'gpt-5-nano', 'grok-4-0709', 'grok-code-fast-1', 'meta-llama/Llama-4-Maverick-17B-128E-Instruct-FP8', 'moonshotai/Kimi-K2-Instruct-0905', 'openai/gpt-oss-120b', 'zai-org/GLM-4.5-Air-FP8']"
circuit-fibsqrt,0.0625,hard,hard,16,1,['gpt-5'],"['OpenAI/gpt-oss-20B', 'Qwen/Qwen3-Coder-480B-A35B-Instruct-FP8', 'claude-opus-4-1-20250805', 'claude-sonnet-4-20250514', 'deepseek-ai/DeepSeek-V3.1', 'gemini-2.5-flash', 'gemini-2.5-pro', 'gpt-5-mini', 'gpt-5-nano', 'grok-4-0709', 'grok-code-fast-1', 'meta-llama/Llama-4-Maverick-17B-128E-Instruct-FP8', 'moonshotai/Kimi-K2-Instruct-0905', 'openai/gpt-oss-120b', 'zai-org/GLM-4.5-Air-FP8']"
cobol-modernization,0.5625,medium,hard,16,9,"['claude-opus-4-1-20250805', 'claude-sonnet-4-20250514', 'deepseek-ai/DeepSeek-V3.1', 'gemini-2.5-pro', 'gpt-5', 'gpt-5-mini', 'grok-code-fast-1', 'moonshotai/Kimi-K2-Instruct-0905', 'openai/gpt-oss-120b']","['OpenAI/gpt-oss-20B', 'Qwen/Qwen3-Coder-480B-A35B-Instruct-FP8', 'gemini-2.5-flash', 'gpt-5-nano', 'grok-4-0709', 'meta-llama/Llama-4-Maverick-17B-128E-Instruct-FP8', 'zai-org/GLM-4.5-Air-FP8']"
code-from-image,0.1875,hard,medium,16,3,"['deepseek-ai/DeepSeek-V3.1', 'gemini-2.5-pro', 'moonshotai/Kimi-K2-Instruct-0905']","['OpenAI/gpt-oss-20B', 'Qwen/Qwen3-Coder-480B-A35B-Instruct-FP8', 'claude-opus-4-1-20250805', 'claude-sonnet-4-20250514', 'gemini-2.5-flash', 'gpt-5', 'gpt-5-mini', 'gpt-5-nano', 'grok-4-0709', 'grok-code-fast-1', 'meta-llama/Llama-4-Maverick-17B-128E-Instruct-FP8', 'openai/gpt-oss-120b', 'zai-org/GLM-4.5-Air-FP8']"
configure-git-webserver,0.5625,medium,hard,16,9,"['Qwen/Qwen3-Coder-480B-A35B-Instruct-FP8', 'claude-opus-4-1-20250805', 'claude-sonnet-4-20250514', 'deepseek-ai/DeepSeek-V3.1', 'gpt-5', 'gpt-5-mini', 'meta-llama/Llama-4-Maverick-17B-128E-Instruct-FP8', 'moonshotai/Kimi-K2-Instruct-0905', 'openai/gpt-oss-120b']","['OpenAI/gpt-oss-20B', 'gemini-2.5-flash', 'gemini-2.5-pro', 'gpt-5-nano', 'grok-4-0709', 'grok-code-fast-1', 'zai-org/GLM-4.5-Air-FP8']"
constraints-scheduling,0.75,easy,medium,16,12,"['Qwen/Qwen3-Coder-480B-A35B-Instruct-FP8', 'claude-opus-4-1-20250805', 'claude-sonnet-4-20250514', 'deepseek-ai/DeepSeek-V3.1', 'gemini-2.5-pro', 'gpt-5', 'gpt-5-mini', 'grok-4-0709', 'grok-code-fast-1', 'moonshotai/Kimi-K2-Instruct-0905', 'openai/gpt-oss-120b', 'zai-org/GLM-4.5-Air-FP8']","['OpenAI/gpt-oss-20B', 'gemini-2.5-flash', 'gpt-5-nano', 'meta-llama/Llama-4-Maverick-17B-128E-Instruct-FP8']"
count-dataset-tokens,0.0,hard,medium,16,0,[],"['OpenAI/gpt-oss-20B', 'Qwen/Qwen3-Coder-480B-A35B-Instruct-FP8', 'claude-opus-4-1-20250805', 'claude-sonnet-4-20250514', 'deepseek-ai/DeepSeek-V3.1', 'gemini-2.5-flash', 'gemini-2.5-pro', 'gpt-5', 'gpt-5-mini', 'gpt-5-nano', 'grok-4-0709', 'grok-code-fast-1', 'meta-llama/Llama-4-Maverick-17B-128E-Instruct-FP8', 'moonshotai/Kimi-K2-Instruct-0905', 'openai/gpt-oss-120b', 'zai-org/GLM-4.5-Air-FP8']"
crack-7z-hash,0.5,medium,medium,16,8,"['claude-opus-4-1-20250805', 'claude-sonnet-4-20250514', 'deepseek-ai/DeepSeek-V3.1', 'gemini-2.5-flash', 'gemini-2.5-pro', 'grok-4-0709', 'grok-code-fast-1', 'moonshotai/Kimi-K2-Instruct-0905']","['OpenAI/gpt-oss-20B', 'Qwen/Qwen3-Coder-480B-A35B-Instruct-FP8', 'gpt-5', 'gpt-5-mini', 'gpt-5-nano', 'meta-llama/Llama-4-Maverick-17B-128E-Instruct-FP8', 'openai/gpt-oss-120b', 'zai-org/GLM-4.5-Air-FP8']"
db-wal-recovery,0.0,hard,medium,16,0,[],"['OpenAI/gpt-oss-20B', 'Qwen/Qwen3-Coder-480B-A35B-Instruct-FP8', 'claude-opus-4-1-20250805', 'claude-sonnet-4-20250514', 'deepseek-ai/DeepSeek-V3.1', 'gemini-2.5-flash', 'gemini-2.5-pro', 'gpt-5', 'gpt-5-mini', 'gpt-5-nano', 'grok-4-0709', 'grok-code-fast-1', 'meta-llama/Llama-4-Maverick-17B-128E-Instruct-FP8', 'moonshotai/Kimi-K2-Instruct-0905', 'openai/gpt-oss-120b', 'zai-org/GLM-4.5-Air-FP8']"
distribution-search,0.3125,hard,medium,16,5,"['claude-opus-4-1-20250805', 'claude-sonnet-4-20250514', 'gemini-2.5-pro', 'gpt-5', 'gpt-5-mini']","['OpenAI/gpt-oss-20B', 'Qwen/Qwen3-Coder-480B-A35B-Instruct-FP8', 'deepseek-ai/DeepSeek-V3.1', 'gemini-2.5-flash', 'gpt-5-nano', 'grok-4-0709', 'grok-code-fast-1', 'meta-llama/Llama-4-Maverick-17B-128E-Instruct-FP8', 'moonshotai/Kimi-K2-Instruct-0905', 'openai/gpt-oss-120b', 'zai-org/GLM-4.5-Air-FP8']"
dna-assembly,0.0,hard,hard,16,0,[],"['OpenAI/gpt-oss-20B', 'Qwen/Qwen3-Coder-480B-A35B-Instruct-FP8', 'claude-opus-4-1-20250805', 'claude-sonnet-4-20250514', 'deepseek-ai/DeepSeek-V3.1', 'gemini-2.5-flash', 'gemini-2.5-pro', 'gpt-5', 'gpt-5-mini', 'gpt-5-nano', 'grok-4-0709', 'grok-code-fast-1', 'meta-llama/Llama-4-Maverick-17B-128E-Instruct-FP8', 'moonshotai/Kimi-K2-Instruct-0905', 'openai/gpt-oss-120b', 'zai-org/GLM-4.5-Air-FP8']"
dna-insert,0.0,hard,medium,16,0,[],"['OpenAI/gpt-oss-20B', 'Qwen/Qwen3-Coder-480B-A35B-Instruct-FP8', 'claude-opus-4-1-20250805', 'claude-sonnet-4-20250514', 'deepseek-ai/DeepSeek-V3.1', 'gemini-2.5-flash', 'gemini-2.5-pro', 'gpt-5', 'gpt-5-mini', 'gpt-5-nano', 'grok-4-0709', 'grok-code-fast-1', 'meta-llama/Llama-4-Maverick-17B-128E-Instruct-FP8', 'moonshotai/Kimi-K2-Instruct-0905', 'openai/gpt-oss-120b', 'zai-org/GLM-4.5-Air-FP8']"
extract-elf,0.375,medium,medium,16,6,"['Qwen/Qwen3-Coder-480B-A35B-Instruct-FP8', 'claude-opus-4-1-20250805', 'deepseek-ai/DeepSeek-V3.1', 'gpt-5-mini', 'grok-code-fast-1', 'moonshotai/Kimi-K2-Instruct-0905']","['OpenAI/gpt-oss-20B', 'claude-sonnet-4-20250514', 'gemini-2.5-flash', 'gemini-2.5-pro', 'gpt-5', 'gpt-5-nano', 'grok-4-0709', 'meta-llama/Llama-4-Maverick-17B-128E-Instruct-FP8', 'openai/gpt-oss-120b', 'zai-org/GLM-4.5-Air-FP8']"
feal-differential-cryptanalysis,0.125,hard,hard,16,2,"['gemini-2.5-pro', 'grok-4-0709']","['OpenAI/gpt-oss-20B', 'Qwen/Qwen3-Coder-480B-A35B-Instruct-FP8', 'claude-opus-4-1-20250805', 'claude-sonnet-4-20250514', 'deepseek-ai/DeepSeek-V3.1', 'gemini-2.5-flash', 'gpt-5', 'gpt-5-mini', 'gpt-5-nano', 'grok-code-fast-1', 'meta-llama/Llama-4-Maverick-17B-128E-Instruct-FP8', 'moonshotai/Kimi-K2-Instruct-0905', 'openai/gpt-oss-120b', 'zai-org/GLM-4.5-Air-FP8']"
feal-linear-cryptanalysis,0.0625,hard,hard,16,1,['gpt-5'],"['OpenAI/gpt-oss-20B', 'Qwen/Qwen3-Coder-480B-A35B-Instruct-FP8', 'claude-opus-4-1-20250805', 'claude-sonnet-4-20250514', 'deepseek-ai/DeepSeek-V3.1', 'gemini-2.5-flash', 'gemini-2.5-pro', 'gpt-5-mini', 'gpt-5-nano', 'grok-4-0709', 'grok-code-fast-1', 'meta-llama/Llama-4-Maverick-17B-128E-Instruct-FP8', 'moonshotai/Kimi-K2-Instruct-0905', 'openai/gpt-oss-120b', 'zai-org/GLM-4.5-Air-FP8']"
filter-js-from-html,0.0,hard,medium,16,0,[],"['OpenAI/gpt-oss-20B', 'Qwen/Qwen3-Coder-480B-A35B-Instruct-FP8', 'claude-opus-4-1-20250805', 'claude-sonnet-4-20250514', 'deepseek-ai/DeepSeek-V3.1', 'gemini-2.5-flash', 'gemini-2.5-pro', 'gpt-5', 'gpt-5-mini', 'gpt-5-nano', 'grok-4-0709', 'grok-code-fast-1', 'meta-llama/Llama-4-Maverick-17B-128E-Instruct-FP8', 'moonshotai/Kimi-K2-Instruct-0905', 'openai/gpt-oss-120b', 'zai-org/GLM-4.5-Air-FP8']"
financial-document-processor,0.0,hard,medium,16,0,[],"['OpenAI/gpt-oss-20B', 'Qwen/Qwen3-Coder-480B-A35B-Instruct-FP8', 'claude-opus-4-1-20250805', 'claude-sonnet-4-20250514', 'deepseek-ai/DeepSeek-V3.1', 'gemini-2.5-flash', 'gemini-2.5-pro', 'gpt-5', 'gpt-5-mini', 'gpt-5-nano', 'grok-4-0709', 'grok-code-fast-1', 'meta-llama/Llama-4-Maverick-17B-128E-Instruct-FP8', 'moonshotai/Kimi-K2-Instruct-0905', 'openai/gpt-oss-120b', 'zai-org/GLM-4.5-Air-FP8']"
fix-code-vulnerability,0.0625,hard,hard,16,1,['claude-sonnet-4-20250514'],"['OpenAI/gpt-oss-20B', 'Qwen/Qwen3-Coder-480B-A35B-Instruct-FP8', 'claude-opus-4-1-20250805', 'deepseek-ai/DeepSeek-V3.1', 'gemini-2.5-flash', 'gemini-2.5-pro', 'gpt-5', 'gpt-5-mini', 'gpt-5-nano', 'grok-4-0709', 'grok-code-fast-1', 'meta-llama/Llama-4-Maverick-17B-128E-Instruct-FP8', 'moonshotai/Kimi-K2-Instruct-0905', 'openai/gpt-oss-120b', 'zai-org/GLM-4.5-Air-FP8']"
fix-git,0.75,easy,medium,16,12,"['Qwen/Qwen3-Coder-480B-A35B-Instruct-FP8', 'claude-opus-4-1-20250805', 'claude-sonnet-4-20250514', 'deepseek-ai/DeepSeek-V3.1', 'gemini-2.5-flash', 'gemini-2.5-pro', 'gpt-5', 'gpt-5-mini', 'grok-4-0709', 'moonshotai/Kimi-K2-Instruct-0905', 'openai/gpt-oss-120b', 'zai-org/GLM-4.5-Air-FP8']","['OpenAI/gpt-oss-20B', 'gpt-5-nano', 'grok-code-fast-1', 'meta-llama/Llama-4-Maverick-17B-128E-Instruct-FP8']"
fix-ocaml-gc,0.0,hard,hard,16,0,[],"['OpenAI/gpt-oss-20B', 'Qwen/Qwen3-Coder-480B-A35B-Instruct-FP8', 'claude-opus-4-1-20250805', 'claude-sonnet-4-20250514', 'deepseek-ai/DeepSeek-V3.1', 'gemini-2.5-flash', 'gemini-2.5-pro', 'gpt-5', 'gpt-5-mini', 'gpt-5-nano', 'grok-4-0709', 'grok-code-fast-1', 'meta-llama/Llama-4-Maverick-17B-128E-Instruct-FP8', 'moonshotai/Kimi-K2-Instruct-0905', 'openai/gpt-oss-120b', 'zai-org/GLM-4.5-Air-FP8']"
form-filling,0.6875,easy,medium,16,11,"['Qwen/Qwen3-Coder-480B-A35B-Instruct-FP8', 'claude-opus-4-1-20250805', 'claude-sonnet-4-20250514', 'deepseek-ai/DeepSeek-V3.1', 'gpt-5', 'gpt-5-mini', 'gpt-5-nano', 'grok-code-fast-1', 'moonshotai/Kimi-K2-Instruct-0905', 'openai/gpt-oss-120b', 'zai-org/GLM-4.5-Air-FP8']","['OpenAI/gpt-oss-20B', 'gemini-2.5-flash', 'gemini-2.5-pro', 'grok-4-0709', 'meta-llama/Llama-4-Maverick-17B-128E-Instruct-FP8']"
git-leak-recovery,0.625,medium,medium,16,10,"['Qwen/Qwen3-Coder-480B-A35B-Instruct-FP8', 'claude-opus-4-1-20250805', 'claude-sonnet-4-20250514', 'deepseek-ai/DeepSeek-V3.1', 'gemini-2.5-flash', 'gemini-2.5-pro', 'gpt-5', 'meta-llama/Llama-4-Maverick-17B-128E-Instruct-FP8', 'moonshotai/Kimi-K2-Instruct-0905', 'zai-org/GLM-4.5-Air-FP8']","['OpenAI/gpt-oss-20B', 'gpt-5-mini', 'gpt-5-nano', 'grok-4-0709', 'grok-code-fast-1', 'openai/gpt-oss-120b']"
gpt2-codegolf,0.0,hard,hard,16,0,[],"['OpenAI/gpt-oss-20B', 'Qwen/Qwen3-Coder-480B-A35B-Instruct-FP8', 'claude-opus-4-1-20250805', 'claude-sonnet-4-20250514', 'deepseek-ai/DeepSeek-V3.1', 'gemini-2.5-flash', 'gemini-2.5-pro', 'gpt-5', 'gpt-5-mini', 'gpt-5-nano', 'grok-4-0709', 'grok-code-fast-1', 'meta-llama/Llama-4-Maverick-17B-128E-Instruct-FP8', 'moonshotai/Kimi-K2-Instruct-0905', 'openai/gpt-oss-120b', 'zai-org/GLM-4.5-Air-FP8']"
hf-model-inference,0.5,medium,medium,16,8,"['deepseek-ai/DeepSeek-V3.1', 'gemini-2.5-flash', 'gemini-2.5-pro', 'gpt-5', 'gpt-5-mini', 'grok-4-0709', 'meta-llama/Llama-4-Maverick-17B-128E-Instruct-FP8', 'zai-org/GLM-4.5-Air-FP8']","['OpenAI/gpt-oss-20B', 'Qwen/Qwen3-Coder-480B-A35B-Instruct-FP8', 'claude-opus-4-1-20250805', 'claude-sonnet-4-20250514', 'gpt-5-nano', 'grok-code-fast-1', 'moonshotai/Kimi-K2-Instruct-0905', 'openai/gpt-oss-120b']"
install-klee-minimal,0.0,hard,medium,16,0,[],"['OpenAI/gpt-oss-20B', 'Qwen/Qwen3-Coder-480B-A35B-Instruct-FP8', 'claude-opus-4-1-20250805', 'claude-sonnet-4-20250514', 'deepseek-ai/DeepSeek-V3.1', 'gemini-2.5-flash', 'gemini-2.5-pro', 'gpt-5', 'gpt-5-mini', 'gpt-5-nano', 'grok-4-0709', 'grok-code-fast-1', 'meta-llama/Llama-4-Maverick-17B-128E-Instruct-FP8', 'moonshotai/Kimi-K2-Instruct-0905', 'openai/gpt-oss-120b', 'zai-org/GLM-4.5-Air-FP8']"
install-windows-3.11,0.0,hard,hard,16,0,[],"['OpenAI/gpt-oss-20B', 'Qwen/Qwen3-Coder-480B-A35B-Instruct-FP8', 'claude-opus-4-1-20250805', 'claude-sonnet-4-20250514', 'deepseek-ai/DeepSeek-V3.1', 'gemini-2.5-flash', 'gemini-2.5-pro', 'gpt-5', 'gpt-5-mini', 'gpt-5-nano', 'grok-4-0709', 'grok-code-fast-1', 'meta-llama/Llama-4-Maverick-17B-128E-Instruct-FP8', 'moonshotai/Kimi-K2-Instruct-0905', 'openai/gpt-oss-120b', 'zai-org/GLM-4.5-Air-FP8']"
large-scale-text-editing,0.125,hard,medium,16,2,"['claude-opus-4-1-20250805', 'claude-sonnet-4-20250514']","['OpenAI/gpt-oss-20B', 'Qwen/Qwen3-Coder-480B-A35B-Instruct-FP8', 'deepseek-ai/DeepSeek-V3.1', 'gemini-2.5-flash', 'gemini-2.5-pro', 'gpt-5', 'gpt-5-mini', 'gpt-5-nano', 'grok-4-0709', 'grok-code-fast-1', 'meta-llama/Llama-4-Maverick-17B-128E-Instruct-FP8', 'moonshotai/Kimi-K2-Instruct-0905', 'openai/gpt-oss-120b', 'zai-org/GLM-4.5-Air-FP8']"
largest-eigenval,0.0,hard,medium,16,0,[],"['OpenAI/gpt-oss-20B', 'Qwen/Qwen3-Coder-480B-A35B-Instruct-FP8', 'claude-opus-4-1-20250805', 'claude-sonnet-4-20250514', 'deepseek-ai/DeepSeek-V3.1', 'gemini-2.5-flash', 'gemini-2.5-pro', 'gpt-5', 'gpt-5-mini', 'gpt-5-nano', 'grok-4-0709', 'grok-code-fast-1', 'meta-llama/Llama-4-Maverick-17B-128E-Instruct-FP8', 'moonshotai/Kimi-K2-Instruct-0905', 'openai/gpt-oss-120b', 'zai-org/GLM-4.5-Air-FP8']"
log-summary-date-ranges,0.3125,hard,medium,16,5,"['Qwen/Qwen3-Coder-480B-A35B-Instruct-FP8', 'claude-opus-4-1-20250805', 'claude-sonnet-4-20250514', 'moonshotai/Kimi-K2-Instruct-0905', 'zai-org/GLM-4.5-Air-FP8']","['OpenAI/gpt-oss-20B', 'deepseek-ai/DeepSeek-V3.1', 'gemini-2.5-flash', 'gemini-2.5-pro', 'gpt-5', 'gpt-5-mini', 'gpt-5-nano', 'grok-4-0709', 'grok-code-fast-1', 'meta-llama/Llama-4-Maverick-17B-128E-Instruct-FP8', 'openai/gpt-oss-120b']"
make-doom-for-mips,0.0,hard,hard,16,0,[],"['OpenAI/gpt-oss-20B', 'Qwen/Qwen3-Coder-480B-A35B-Instruct-FP8', 'claude-opus-4-1-20250805', 'claude-sonnet-4-20250514', 'deepseek-ai/DeepSeek-V3.1', 'gemini-2.5-flash', 'gemini-2.5-pro', 'gpt-5', 'gpt-5-mini', 'gpt-5-nano', 'grok-4-0709', 'grok-code-fast-1', 'meta-llama/Llama-4-Maverick-17B-128E-Instruct-FP8', 'moonshotai/Kimi-K2-Instruct-0905', 'openai/gpt-oss-120b', 'zai-org/GLM-4.5-Air-FP8']"
make-mips-interpreter,0.0,hard,hard,16,0,[],"['OpenAI/gpt-oss-20B', 'Qwen/Qwen3-Coder-480B-A35B-Instruct-FP8', 'claude-opus-4-1-20250805', 'claude-sonnet-4-20250514', 'deepseek-ai/DeepSeek-V3.1', 'gemini-2.5-flash', 'gemini-2.5-pro', 'gpt-5', 'gpt-5-mini', 'gpt-5-nano', 'grok-4-0709', 'grok-code-fast-1', 'meta-llama/Llama-4-Maverick-17B-128E-Instruct-FP8', 'moonshotai/Kimi-K2-Instruct-0905', 'openai/gpt-oss-120b', 'zai-org/GLM-4.5-Air-FP8']"
merge-diff-arc-agi-task,0.1875,hard,medium,16,3,"['gemini-2.5-pro', 'gpt-5', 'grok-code-fast-1']","['OpenAI/gpt-oss-20B', 'Qwen/Qwen3-Coder-480B-A35B-Instruct-FP8', 'claude-opus-4-1-20250805', 'claude-sonnet-4-20250514', 'deepseek-ai/DeepSeek-V3.1', 'gemini-2.5-flash', 'gpt-5-mini', 'gpt-5-nano', 'grok-4-0709', 'meta-llama/Llama-4-Maverick-17B-128E-Instruct-FP8', 'moonshotai/Kimi-K2-Instruct-0905', 'openai/gpt-oss-120b', 'zai-org/GLM-4.5-Air-FP8']"
model-extraction-relu-logits,0.0,hard,hard,16,0,[],"['OpenAI/gpt-oss-20B', 'Qwen/Qwen3-Coder-480B-A35B-Instruct-FP8', 'claude-opus-4-1-20250805', 'claude-sonnet-4-20250514', 'deepseek-ai/DeepSeek-V3.1', 'gemini-2.5-flash', 'gemini-2.5-pro', 'gpt-5', 'gpt-5-mini', 'gpt-5-nano', 'grok-4-0709', 'grok-code-fast-1', 'meta-llama/Llama-4-Maverick-17B-128E-Instruct-FP8', 'moonshotai/Kimi-K2-Instruct-0905', 'openai/gpt-oss-120b', 'zai-org/GLM-4.5-Air-FP8']"
mteb-leaderboard,0.0,hard,medium,16,0,[],"['OpenAI/gpt-oss-20B', 'Qwen/Qwen3-Coder-480B-A35B-Instruct-FP8', 'claude-opus-4-1-20250805', 'claude-sonnet-4-20250514', 'deepseek-ai/DeepSeek-V3.1', 'gemini-2.5-flash', 'gemini-2.5-pro', 'gpt-5', 'gpt-5-mini', 'gpt-5-nano', 'grok-4-0709', 'grok-code-fast-1', 'meta-llama/Llama-4-Maverick-17B-128E-Instruct-FP8', 'moonshotai/Kimi-K2-Instruct-0905', 'openai/gpt-oss-120b', 'zai-org/GLM-4.5-Air-FP8']"
mteb-retrieve,0.0,hard,medium,16,0,[],"['OpenAI/gpt-oss-20B', 'Qwen/Qwen3-Coder-480B-A35B-Instruct-FP8', 'claude-opus-4-1-20250805', 'claude-sonnet-4-20250514', 'deepseek-ai/DeepSeek-V3.1', 'gemini-2.5-flash', 'gemini-2.5-pro', 'gpt-5', 'gpt-5-mini', 'gpt-5-nano', 'grok-4-0709', 'grok-code-fast-1', 'meta-llama/Llama-4-Maverick-17B-128E-Instruct-FP8', 'moonshotai/Kimi-K2-Instruct-0905', 'openai/gpt-oss-120b', 'zai-org/GLM-4.5-Air-FP8']"
nginx-request-logging,0.375,medium,medium,16,6,"['claude-opus-4-1-20250805', 'claude-sonnet-4-20250514', 'gemini-2.5-pro', 'gpt-5', 'grok-4-0709', 'zai-org/GLM-4.5-Air-FP8']","['OpenAI/gpt-oss-20B', 'Qwen/Qwen3-Coder-480B-A35B-Instruct-FP8', 'deepseek-ai/DeepSeek-V3.1', 'gemini-2.5-flash', 'gpt-5-mini', 'gpt-5-nano', 'grok-code-fast-1', 'meta-llama/Llama-4-Maverick-17B-128E-Instruct-FP8', 'moonshotai/Kimi-K2-Instruct-0905', 'openai/gpt-oss-120b']"
openssl-selfsigned-cert,0.5625,medium,medium,16,9,"['claude-opus-4-1-20250805', 'claude-sonnet-4-20250514', 'deepseek-ai/DeepSeek-V3.1', 'gemini-2.5-pro', 'gpt-5', 'gpt-5-mini', 'gpt-5-nano', 'moonshotai/Kimi-K2-Instruct-0905', 'openai/gpt-oss-120b']","['OpenAI/gpt-oss-20B', 'Qwen/Qwen3-Coder-480B-A35B-Instruct-FP8', 'gemini-2.5-flash', 'grok-4-0709', 'grok-code-fast-1', 'meta-llama/Llama-4-Maverick-17B-128E-Instruct-FP8', 'zai-org/GLM-4.5-Air-FP8']"
password-recovery,0.0625,hard,hard,16,1,['claude-opus-4-1-20250805'],"['OpenAI/gpt-oss-20B', 'Qwen/Qwen3-Coder-480B-A35B-Instruct-FP8', 'claude-sonnet-4-20250514', 'deepseek-ai/DeepSeek-V3.1', 'gemini-2.5-flash', 'gemini-2.5-pro', 'gpt-5', 'gpt-5-mini', 'gpt-5-nano', 'grok-4-0709', 'grok-code-fast-1', 'meta-llama/Llama-4-Maverick-17B-128E-Instruct-FP8', 'moonshotai/Kimi-K2-Instruct-0905', 'openai/gpt-oss-120b', 'zai-org/GLM-4.5-Air-FP8']"
path-tracing,0.0,hard,hard,16,0,[],"['OpenAI/gpt-oss-20B', 'Qwen/Qwen3-Coder-480B-A35B-Instruct-FP8', 'claude-opus-4-1-20250805', 'claude-sonnet-4-20250514', 'deepseek-ai/DeepSeek-V3.1', 'gemini-2.5-flash', 'gemini-2.5-pro', 'gpt-5', 'gpt-5-mini', 'gpt-5-nano', 'grok-4-0709', 'grok-code-fast-1', 'meta-llama/Llama-4-Maverick-17B-128E-Instruct-FP8', 'moonshotai/Kimi-K2-Instruct-0905', 'openai/gpt-oss-120b', 'zai-org/GLM-4.5-Air-FP8']"
path-tracing-reverse,0.0,hard,hard,16,0,[],"['OpenAI/gpt-oss-20B', 'Qwen/Qwen3-Coder-480B-A35B-Instruct-FP8', 'claude-opus-4-1-20250805', 'claude-sonnet-4-20250514', 'deepseek-ai/DeepSeek-V3.1', 'gemini-2.5-flash', 'gemini-2.5-pro', 'gpt-5', 'gpt-5-mini', 'gpt-5-nano', 'grok-4-0709', 'grok-code-fast-1', 'meta-llama/Llama-4-Maverick-17B-128E-Instruct-FP8', 'moonshotai/Kimi-K2-Instruct-0905', 'openai/gpt-oss-120b', 'zai-org/GLM-4.5-Air-FP8']"
polyglot-c-py,0.0625,hard,medium,16,1,['grok-4-0709'],"['OpenAI/gpt-oss-20B', 'Qwen/Qwen3-Coder-480B-A35B-Instruct-FP8', 'claude-opus-4-1-20250805', 'claude-sonnet-4-20250514', 'deepseek-ai/DeepSeek-V3.1', 'gemini-2.5-flash', 'gemini-2.5-pro', 'gpt-5', 'gpt-5-mini', 'gpt-5-nano', 'grok-code-fast-1', 'meta-llama/Llama-4-Maverick-17B-128E-Instruct-FP8', 'moonshotai/Kimi-K2-Instruct-0905', 'openai/gpt-oss-120b', 'zai-org/GLM-4.5-Air-FP8']"
polyglot-rust-c,0.0,hard,hard,16,0,[],"['OpenAI/gpt-oss-20B', 'Qwen/Qwen3-Coder-480B-A35B-Instruct-FP8', 'claude-opus-4-1-20250805', 'claude-sonnet-4-20250514', 'deepseek-ai/DeepSeek-V3.1', 'gemini-2.5-flash', 'gemini-2.5-pro', 'gpt-5', 'gpt-5-mini', 'gpt-5-nano', 'grok-4-0709', 'grok-code-fast-1', 'meta-llama/Llama-4-Maverick-17B-128E-Instruct-FP8', 'moonshotai/Kimi-K2-Instruct-0905', 'openai/gpt-oss-120b', 'zai-org/GLM-4.5-Air-FP8']"
port-compressor,0.0,hard,hard,16,0,[],"['OpenAI/gpt-oss-20B', 'Qwen/Qwen3-Coder-480B-A35B-Instruct-FP8', 'claude-opus-4-1-20250805', 'claude-sonnet-4-20250514', 'deepseek-ai/DeepSeek-V3.1', 'gemini-2.5-flash', 'gemini-2.5-pro', 'gpt-5', 'gpt-5-mini', 'gpt-5-nano', 'grok-4-0709', 'grok-code-fast-1', 'meta-llama/Llama-4-Maverick-17B-128E-Instruct-FP8', 'moonshotai/Kimi-K2-Instruct-0905', 'openai/gpt-oss-120b', 'zai-org/GLM-4.5-Air-FP8']"
prove-plus-comm,0.6875,easy,medium,16,11,"['claude-opus-4-1-20250805', 'claude-sonnet-4-20250514', 'deepseek-ai/DeepSeek-V3.1', 'gemini-2.5-flash', 'gemini-2.5-pro', 'gpt-5', 'gpt-5-mini', 'grok-4-0709', 'moonshotai/Kimi-K2-Instruct-0905', 'openai/gpt-oss-120b', 'zai-org/GLM-4.5-Air-FP8']","['OpenAI/gpt-oss-20B', 'Qwen/Qwen3-Coder-480B-A35B-Instruct-FP8', 'gpt-5-nano', 'grok-code-fast-1', 'meta-llama/Llama-4-Maverick-17B-128E-Instruct-FP8']"
pypi-server,0.375,medium,medium,16,6,"['claude-opus-4-1-20250805', 'claude-sonnet-4-20250514', 'gemini-2.5-pro', 'gpt-5-mini', 'gpt-5-nano', 'grok-code-fast-1']","['OpenAI/gpt-oss-20B', 'Qwen/Qwen3-Coder-480B-A35B-Instruct-FP8', 'deepseek-ai/DeepSeek-V3.1', 'gemini-2.5-flash', 'gpt-5', 'grok-4-0709', 'meta-llama/Llama-4-Maverick-17B-128E-Instruct-FP8', 'moonshotai/Kimi-K2-Instruct-0905', 'openai/gpt-oss-120b', 'zai-org/GLM-4.5-Air-FP8']"
pytorch-model-cli,0.0625,hard,medium,16,1,['grok-4-0709'],"['OpenAI/gpt-oss-20B', 'Qwen/Qwen3-Coder-480B-A35B-Instruct-FP8', 'claude-opus-4-1-20250805', 'claude-sonnet-4-20250514', 'deepseek-ai/DeepSeek-V3.1', 'gemini-2.5-flash', 'gemini-2.5-pro', 'gpt-5', 'gpt-5-mini', 'gpt-5-nano', 'grok-code-fast-1', 'meta-llama/Llama-4-Maverick-17B-128E-Instruct-FP8', 'moonshotai/Kimi-K2-Instruct-0905', 'openai/gpt-oss-120b', 'zai-org/GLM-4.5-Air-FP8']"
pytorch-model-recovery,0.375,medium,medium,16,6,"['Qwen/Qwen3-Coder-480B-A35B-Instruct-FP8', 'claude-opus-4-1-20250805', 'claude-sonnet-4-20250514', 'deepseek-ai/DeepSeek-V3.1', 'gemini-2.5-pro', 'grok-code-fast-1']","['OpenAI/gpt-oss-20B', 'gemini-2.5-flash', 'gpt-5', 'gpt-5-mini', 'gpt-5-nano', 'grok-4-0709', 'meta-llama/Llama-4-Maverick-17B-128E-Instruct-FP8', 'moonshotai/Kimi-K2-Instruct-0905', 'openai/gpt-oss-120b', 'zai-org/GLM-4.5-Air-FP8']"
qemu-alpine-ssh,0.125,hard,medium,16,2,"['claude-opus-4-1-20250805', 'claude-sonnet-4-20250514']","['OpenAI/gpt-oss-20B', 'Qwen/Qwen3-Coder-480B-A35B-Instruct-FP8', 'deepseek-ai/DeepSeek-V3.1', 'gemini-2.5-flash', 'gemini-2.5-pro', 'gpt-5', 'gpt-5-mini', 'gpt-5-nano', 'grok-4-0709', 'grok-code-fast-1', 'meta-llama/Llama-4-Maverick-17B-128E-Instruct-FP8', 'moonshotai/Kimi-K2-Instruct-0905', 'openai/gpt-oss-120b', 'zai-org/GLM-4.5-Air-FP8']"
qemu-startup,0.125,hard,medium,16,2,"['gpt-5', 'gpt-5-mini']","['OpenAI/gpt-oss-20B', 'Qwen/Qwen3-Coder-480B-A35B-Instruct-FP8', 'claude-opus-4-1-20250805', 'claude-sonnet-4-20250514', 'deepseek-ai/DeepSeek-V3.1', 'gemini-2.5-flash', 'gemini-2.5-pro', 'gpt-5-nano', 'grok-4-0709', 'grok-code-fast-1', 'meta-llama/Llama-4-Maverick-17B-128E-Instruct-FP8', 'moonshotai/Kimi-K2-Instruct-0905', 'openai/gpt-oss-120b', 'zai-org/GLM-4.5-Air-FP8']"
regex-log,0.4375,medium,medium,16,7,"['claude-opus-4-1-20250805', 'claude-sonnet-4-20250514', 'gemini-2.5-flash', 'gemini-2.5-pro', 'gpt-5', 'gpt-5-mini', 'grok-4-0709']","['OpenAI/gpt-oss-20B', 'Qwen/Qwen3-Coder-480B-A35B-Instruct-FP8', 'deepseek-ai/DeepSeek-V3.1', 'gpt-5-nano', 'grok-code-fast-1', 'meta-llama/Llama-4-Maverick-17B-128E-Instruct-FP8', 'moonshotai/Kimi-K2-Instruct-0905', 'openai/gpt-oss-120b', 'zai-org/GLM-4.5-Air-FP8']"
reshard-c4-data,0.0,hard,medium,16,0,[],"['OpenAI/gpt-oss-20B', 'Qwen/Qwen3-Coder-480B-A35B-Instruct-FP8', 'claude-opus-4-1-20250805', 'claude-sonnet-4-20250514', 'deepseek-ai/DeepSeek-V3.1', 'gemini-2.5-flash', 'gemini-2.5-pro', 'gpt-5', 'gpt-5-mini', 'gpt-5-nano', 'grok-4-0709', 'grok-code-fast-1', 'meta-llama/Llama-4-Maverick-17B-128E-Instruct-FP8', 'moonshotai/Kimi-K2-Instruct-0905', 'openai/gpt-oss-120b', 'zai-org/GLM-4.5-Air-FP8']"
reverse-engineering,0.0625,hard,hard,16,1,['gpt-5'],"['OpenAI/gpt-oss-20B', 'Qwen/Qwen3-Coder-480B-A35B-Instruct-FP8', 'claude-opus-4-1-20250805', 'claude-sonnet-4-20250514', 'deepseek-ai/DeepSeek-V3.1', 'gemini-2.5-flash', 'gemini-2.5-pro', 'gpt-5-mini', 'gpt-5-nano', 'grok-4-0709', 'grok-code-fast-1', 'meta-llama/Llama-4-Maverick-17B-128E-Instruct-FP8', 'moonshotai/Kimi-K2-Instruct-0905', 'openai/gpt-oss-120b', 'zai-org/GLM-4.5-Air-FP8']"
run-pdp11-code,0.0,hard,hard,16,0,[],"['OpenAI/gpt-oss-20B', 'Qwen/Qwen3-Coder-480B-A35B-Instruct-FP8', 'claude-opus-4-1-20250805', 'claude-sonnet-4-20250514', 'deepseek-ai/DeepSeek-V3.1', 'gemini-2.5-flash', 'gemini-2.5-pro', 'gpt-5', 'gpt-5-mini', 'gpt-5-nano', 'grok-4-0709', 'grok-code-fast-1', 'meta-llama/Llama-4-Maverick-17B-128E-Instruct-FP8', 'moonshotai/Kimi-K2-Instruct-0905', 'openai/gpt-oss-120b', 'zai-org/GLM-4.5-Air-FP8']"
sanitize-git-repo,0.0,hard,medium,16,0,[],"['OpenAI/gpt-oss-20B', 'Qwen/Qwen3-Coder-480B-A35B-Instruct-FP8', 'claude-opus-4-1-20250805', 'claude-sonnet-4-20250514', 'deepseek-ai/DeepSeek-V3.1', 'gemini-2.5-flash', 'gemini-2.5-pro', 'gpt-5', 'gpt-5-mini', 'gpt-5-nano', 'grok-4-0709', 'grok-code-fast-1', 'meta-llama/Llama-4-Maverick-17B-128E-Instruct-FP8', 'moonshotai/Kimi-K2-Instruct-0905', 'openai/gpt-oss-120b', 'zai-org/GLM-4.5-Air-FP8']"
schemelike-metacircular-eval,0.0,hard,medium,16,0,[],"['OpenAI/gpt-oss-20B', 'Qwen/Qwen3-Coder-480B-A35B-Instruct-FP8', 'claude-opus-4-1-20250805', 'claude-sonnet-4-20250514', 'deepseek-ai/DeepSeek-V3.1', 'gemini-2.5-flash', 'gemini-2.5-pro', 'gpt-5', 'gpt-5-mini', 'gpt-5-nano', 'grok-4-0709', 'grok-code-fast-1', 'meta-llama/Llama-4-Maverick-17B-128E-Instruct-FP8', 'moonshotai/Kimi-K2-Instruct-0905', 'openai/gpt-oss-120b', 'zai-org/GLM-4.5-Air-FP8']"
sparql-university,0.125,hard,hard,16,2,"['gemini-2.5-pro', 'gpt-5']","['OpenAI/gpt-oss-20B', 'Qwen/Qwen3-Coder-480B-A35B-Instruct-FP8', 'claude-opus-4-1-20250805', 'claude-sonnet-4-20250514', 'deepseek-ai/DeepSeek-V3.1', 'gemini-2.5-flash', 'gpt-5-mini', 'gpt-5-nano', 'grok-4-0709', 'grok-code-fast-1', 'meta-llama/Llama-4-Maverick-17B-128E-Instruct-FP8', 'moonshotai/Kimi-K2-Instruct-0905', 'openai/gpt-oss-120b', 'zai-org/GLM-4.5-Air-FP8']"
sqlite-db-truncate,0.0,hard,medium,16,0,[],"['OpenAI/gpt-oss-20B', 'Qwen/Qwen3-Coder-480B-A35B-Instruct-FP8', 'claude-opus-4-1-20250805', 'claude-sonnet-4-20250514', 'deepseek-ai/DeepSeek-V3.1', 'gemini-2.5-flash', 'gemini-2.5-pro', 'gpt-5', 'gpt-5-mini', 'gpt-5-nano', 'grok-4-0709', 'grok-code-fast-1', 'meta-llama/Llama-4-Maverick-17B-128E-Instruct-FP8', 'moonshotai/Kimi-K2-Instruct-0905', 'openai/gpt-oss-120b', 'zai-org/GLM-4.5-Air-FP8']"
sqlite-with-gcov,0.5,medium,medium,16,8,"['Qwen/Qwen3-Coder-480B-A35B-Instruct-FP8', 'claude-opus-4-1-20250805', 'deepseek-ai/DeepSeek-V3.1', 'gemini-2.5-pro', 'gpt-5-mini', 'gpt-5-nano', 'openai/gpt-oss-120b', 'zai-org/GLM-4.5-Air-FP8']","['OpenAI/gpt-oss-20B', 'claude-sonnet-4-20250514', 'gemini-2.5-flash', 'gpt-5', 'grok-4-0709', 'grok-code-fast-1', 'meta-llama/Llama-4-Maverick-17B-128E-Instruct-FP8', 'moonshotai/Kimi-K2-Instruct-0905']"
torch-tensor-parallelism,0.0,hard,hard,16,0,[],"['OpenAI/gpt-oss-20B', 'Qwen/Qwen3-Coder-480B-A35B-Instruct-FP8', 'claude-opus-4-1-20250805', 'claude-sonnet-4-20250514', 'deepseek-ai/DeepSeek-V3.1', 'gemini-2.5-flash', 'gemini-2.5-pro', 'gpt-5', 'gpt-5-mini', 'gpt-5-nano', 'grok-4-0709', 'grok-code-fast-1', 'meta-llama/Llama-4-Maverick-17B-128E-Instruct-FP8', 'moonshotai/Kimi-K2-Instruct-0905', 'openai/gpt-oss-120b', 'zai-org/GLM-4.5-Air-FP8']"
train-fasttext,0.0,hard,hard,16,0,[],"['OpenAI/gpt-oss-20B', 'Qwen/Qwen3-Coder-480B-A35B-Instruct-FP8', 'claude-opus-4-1-20250805', 'claude-sonnet-4-20250514', 'deepseek-ai/DeepSeek-V3.1', 'gemini-2.5-flash', 'gemini-2.5-pro', 'gpt-5', 'gpt-5-mini', 'gpt-5-nano', 'grok-4-0709', 'grok-code-fast-1', 'meta-llama/Llama-4-Maverick-17B-128E-Instruct-FP8', 'moonshotai/Kimi-K2-Instruct-0905', 'openai/gpt-oss-120b', 'zai-org/GLM-4.5-Air-FP8']"
tune-mjcf,0.0625,hard,medium,16,1,['gemini-2.5-flash'],"['OpenAI/gpt-oss-20B', 'Qwen/Qwen3-Coder-480B-A35B-Instruct-FP8', 'claude-opus-4-1-20250805', 'claude-sonnet-4-20250514', 'deepseek-ai/DeepSeek-V3.1', 'gemini-2.5-pro', 'gpt-5', 'gpt-5-mini', 'gpt-5-nano', 'grok-4-0709', 'grok-code-fast-1', 'meta-llama/Llama-4-Maverick-17B-128E-Instruct-FP8', 'moonshotai/Kimi-K2-Instruct-0905', 'openai/gpt-oss-120b', 'zai-org/GLM-4.5-Air-FP8']"
video-processing,0.0,hard,hard,16,0,[],"['OpenAI/gpt-oss-20B', 'Qwen/Qwen3-Coder-480B-A35B-Instruct-FP8', 'claude-opus-4-1-20250805', 'claude-sonnet-4-20250514', 'deepseek-ai/DeepSeek-V3.1', 'gemini-2.5-flash', 'gemini-2.5-pro', 'gpt-5', 'gpt-5-mini', 'gpt-5-nano', 'grok-4-0709', 'grok-code-fast-1', 'meta-llama/Llama-4-Maverick-17B-128E-Instruct-FP8', 'moonshotai/Kimi-K2-Instruct-0905', 'openai/gpt-oss-120b', 'zai-org/GLM-4.5-Air-FP8']"
vulnerable-secret,0.25,hard,medium,16,4,"['claude-opus-4-1-20250805', 'gemini-2.5-pro', 'grok-4-0709', 'grok-code-fast-1']","['OpenAI/gpt-oss-20B', 'Qwen/Qwen3-Coder-480B-A35B-Instruct-FP8', 'claude-sonnet-4-20250514', 'deepseek-ai/DeepSeek-V3.1', 'gemini-2.5-flash', 'gpt-5', 'gpt-5-mini', 'gpt-5-nano', 'meta-llama/Llama-4-Maverick-17B-128E-Instruct-FP8', 'moonshotai/Kimi-K2-Instruct-0905', 'openai/gpt-oss-120b', 'zai-org/GLM-4.5-Air-FP8']"
wasm-pipeline,0.25,hard,medium,16,4,"['Qwen/Qwen3-Coder-480B-A35B-Instruct-FP8', 'claude-sonnet-4-20250514', 'gpt-5', 'gpt-5-mini']","['OpenAI/gpt-oss-20B', 'claude-opus-4-1-20250805', 'deepseek-ai/DeepSeek-V3.1', 'gemini-2.5-flash', 'gemini-2.5-pro', 'gpt-5-nano', 'grok-4-0709', 'grok-code-fast-1', 'meta-llama/Llama-4-Maverick-17B-128E-Instruct-FP8', 'moonshotai/Kimi-K2-Instruct-0905', 'openai/gpt-oss-120b', 'zai-org/GLM-4.5-Air-FP8']"
winning-avg-corewars,0.0,hard,medium,16,0,[],"['OpenAI/gpt-oss-20B', 'Qwen/Qwen3-Coder-480B-A35B-Instruct-FP8', 'claude-opus-4-1-20250805', 'claude-sonnet-4-20250514', 'deepseek-ai/DeepSeek-V3.1', 'gemini-2.5-flash', 'gemini-2.5-pro', 'gpt-5', 'gpt-5-mini', 'gpt-5-nano', 'grok-4-0709', 'grok-code-fast-1', 'meta-llama/Llama-4-Maverick-17B-128E-Instruct-FP8', 'moonshotai/Kimi-K2-Instruct-0905', 'openai/gpt-oss-120b', 'zai-org/GLM-4.5-Air-FP8']"
write-compressor,0.0,hard,hard,16,0,[],"['OpenAI/gpt-oss-20B', 'Qwen/Qwen3-Coder-480B-A35B-Instruct-FP8', 'claude-opus-4-1-20250805', 'claude-sonnet-4-20250514', 'deepseek-ai/DeepSeek-V3.1', 'gemini-2.5-flash', 'gemini-2.5-pro', 'gpt-5', 'gpt-5-mini', 'gpt-5-nano', 'grok-4-0709', 'grok-code-fast-1', 'meta-llama/Llama-4-Maverick-17B-128E-Instruct-FP8', 'moonshotai/Kimi-K2-Instruct-0905', 'openai/gpt-oss-120b', 'zai-org/GLM-4.5-Air-FP8']"
